Workbook

Sheet الملخص
A1: مول الذهب — تكييف الكوريدور والبهو (Carrier VRF)
A2: حصر الكوريدور والبهو الدائري فقط — عرض مستقل (المحلات لها حصر وعرض منفصل)
A4: الدور | B4: المساحة الصافية م² | C4: الحمل التصميمي TR | D4: القدرة المركبة TR | E4: عدد الوحدات الداخلية | F4: م² لكل طن
A5: البدروم | B5: =SUMPRODUCT(('حساب الأحمال'!$B$5:$B$12=A5)*'حساب الأحمال'!$D$5:$D$12*'حساب الأحمال'!$AA$5:$AA$12) -> 750 | C5: =SUMPRODUCT(('حساب الأحمال'!$B$5:$B$12=A5)*'حساب الأحمال'!$Y$5:$Y$12*'حساب الأحمال'!$AA$5:$AA$12) -> 50 | D5: =SUMPRODUCT(('حساب الأحمال'!$B$5:$B$12=A5)*'حساب الأحمال'!$AD$5:$AD$12*'حساب الأحمال'!$AA$5:$AA$12) -> 52 | E5: =SUMPRODUCT(('حساب الأحمال'!$B$5:$B$12=A5)*'حساب الأحمال'!$AC$5:$AC$12*'حساب الأحمال'!$AA$5:$AA$12) -> 13 | F5: =IF(C5>0,B5/C5,0) -> 15
A6: الأرضي | B6: =SUMPRODUCT(('حساب الأحمال'!$B$5:$B$12=A6)*'حساب الأحمال'!$D$5:$D$12*'حساب الأحمال'!$AA$5:$AA$12) -> 750 | C6: =SUMPRODUCT(('حساب الأحمال'!$B$5:$B$12=A6)*'حساب الأحمال'!$Y$5:$Y$12*'حساب الأحمال'!$AA$5:$AA$12) -> 50 | D6: =SUMPRODUCT(('حساب الأحمال'!$B$5:$B$12=A6)*'حساب الأحمال'!$AD$5:$AD$12*'حساب الأحمال'!$AA$5:$AA$12) -> 52 | E6: =SUMPRODUCT(('حساب الأحمال'!$B$5:$B$12=A6)*'حساب الأحمال'!$AC$5:$AC$12*'حساب الأحمال'!$AA$5:$AA$12) -> 13 | F6: =IF(C6>0,B6/C6,0) -> 15
A7: الأول | B7: =SUMPRODUCT(('حساب الأحمال'!$B$5:$B$12=A7)*'حساب الأحمال'!$D$5:$D$12*'حساب الأحمال'!$AA$5:$AA$12) -> 750 | C7: =SUMPRODUCT(('حساب الأحمال'!$B$5:$B$12=A7)*'حساب الأحمال'!$Y$5:$Y$12*'حساب الأحمال'!$AA$5:$AA$12) -> 50 | D7: =SUMPRODUCT(('حساب الأحمال'!$B$5:$B$12=A7)*'حساب الأحمال'!$AD$5:$AD$12*'حساب الأحمال'!$AA$5:$AA$12) -> 52 | E7: =SUMPRODUCT(('حساب الأحمال'!$B$5:$B$12=A7)*'حساب الأحمال'!$AC$5:$AC$12*'حساب الأحمال'!$AA$5:$AA$12) -> 13 | F7: =IF(C7>0,B7/C7,0) -> 15
A8: الثاني | B8: =SUMPRODUCT(('حساب الأحمال'!$B$5:$B$12=A8)*'حساب الأحمال'!$D$5:$D$12*'حساب الأحمال'!$AA$5:$AA$12) -> 750 | C8: =SUMPRODUCT(('حساب الأحمال'!$B$5:$B$12=A8)*'حساب الأحمال'!$Y$5:$Y$12*'حساب الأحمال'!$AA$5:$AA$12) -> 50 | D8: =SUMPRODUCT(('حساب الأحمال'!$B$5:$B$12=A8)*'حساب الأحمال'!$AD$5:$AD$12*'حساب الأحمال'!$AA$5:$AA$12) -> 52 | E8: =SUMPRODUCT(('حساب الأحمال'!$B$5:$B$12=A8)*'حساب الأحمال'!$AC$5:$AC$12*'حساب الأحمال'!$AA$5:$AA$12) -> 13 | F8: =IF(C8>0,B8/C8,0) -> 15
A9: الثالث | B9: =SUMPRODUCT(('حساب الأحمال'!$B$5:$B$12=A9)*'حساب الأحمال'!$D$5:$D$12*'حساب الأحمال'!$AA$5:$AA$12) -> 750 | C9: =SUMPRODUCT(('حساب الأحمال'!$B$5:$B$12=A9)*'حساب الأحمال'!$Y$5:$Y$12*'حساب الأحمال'!$AA$5:$AA$12) -> 50 | D9: =SUMPRODUCT(('حساب الأحمال'!$B$5:$B$12=A9)*'حساب الأحمال'!$AD$5:$AD$12*'حساب الأحمال'!$AA$5:$AA$12) -> 52 | E9: =SUMPRODUCT(('حساب الأحمال'!$B$5:$B$12=A9)*'حساب الأحمال'!$AC$5:$AC$12*'حساب الأحمال'!$AA$5:$AA$12) -> 13 | F9: =IF(C9>0,B9/C9,0) -> 15
A10: البهو الدائري | B10: =SUMPRODUCT(('حساب الأحمال'!$B$5:$B$12=A10)*'حساب الأحمال'!$D$5:$D$12*'حساب الأحمال'!$AA$5:$AA$12) -> 78.539816 | C10: =SUMPRODUCT(('حساب الأحمال'!$B$5:$B$12=A10)*'حساب الأحمال'!$Y$5:$Y$12*'حساب الأحمال'!$AA$5:$AA$12) -> 5.2359878 | D10: =SUMPRODUCT(('حساب الأحمال'!$B$5:$B$12=A10)*'حساب الأحمال'!$AD$5:$AD$12*'حساب الأحمال'!$AA$5:$AA$12) -> 6 | E10: =SUMPRODUCT(('حساب الأحمال'!$B$5:$B$12=A10)*'حساب الأحمال'!$AC$5:$AC$12*'حساب الأحمال'!$AA$5:$AA$12) -> 1 | F10: =IF(C10>0,B10/C10,0) -> 15
A11: الإجمالي | B11: =SUM(B5:B10) -> 3828.5398 | C11: =SUM(C5:C10) -> 255.23599 | D11: =SUM(D5:D10) -> 266 | E11: =SUM(E5:E10) -> 66 | F11: =IF(C11>0,B11/C11,0) -> 15
A13: إجمالي العرض (جنيه) — الكوريدور + البهو الدائري | B13: ='مقايسة الكوريدور'!G25 -> 23485000
A14: ملاحظة: بنود الدكت ومخارج الهواء (رابعاً) بدون سعر لحد ما تتسعّر — الإجمالي أعلاه لا يشملها بعد
A18: أساس الحساب ونقاط تحتاج تأكيد:
A19: 0) التحجيم المعتمد: طن تبريد لكل 15 م² (شيت الافتراضات). الحساب التفصيلي بالأحمال موجود في شيت حساب الأحمال للمقارنة — غيّر الطريقة لـ 0 لاستخدامه.
A20: 1) الأبعاد من العميل: كوريدور 250 × 3 م في كل دور (750 م²) × 5 أدوار، ارتفاع الدور 3.5 م. البهو المطلوب تكييفه = البهو الدائري فقط (مفتوح من البدروم للسقف 17.5 م). البهوين البيضاويين مستبعدين (القيمة في عمود "يدخل في الإجمالي" = 0 — ضع 1 لإضافتهم).
A21: 2) البهو الدائري: قطر 10 م. تم اعتبار "10 سم" المكتوبة في الرسالة خطأ كتابي وإن المقصود 10 م.
A22: 3) افتراض إن فوق البهو الدائري سكاي لايت بنفس مساحته. لو السقف مصمت غيّر مساحة السكاي لايت لـ 0. وحداته محمّلة على سيستم البدروم.
A23: 4) الهواء النقي للكوريدورات (ASHRAE 62.1) محمّل على الوحدات. لو هيتعالج في منظومة الـ 75,000 CFM المنفصلة غيّر المفتاح في شيت الافتراضات لـ 0.
A24: 5) البهو المفتوح الكبير في البدروم اللي في اللوحة (≈1,665 م²، مكتوب عليه Not Enclosed) مش داخل هنا لأنه مش في الوصف — يتضاف لو العميل عايزه.
A25: 6) مقترح: سيستم خارجي مستقل للكوريدورات في كل دور (منطقة مشتركة للمالك) عشان الفوترة تفضل منفصلة عن عدادات المستأجرين.

Sheet الافتراضات
A1: افتراضات حساب أحمال الممرات والبهو — مول الذهب (VRF)
A2: الخلايا الزرقاء على خلفية صفراء مدخلات يمكن تعديلها — كل الحسابات في الشيتات الأخرى مرتبطة بها تلقائياً
A3: البند | B3: القيمة | C3: الوحدة | D3: المصدر / ملاحظة
A4: درجة الحرارة الخارجية التصميمية (صيف) | B4: 43 | C4: °C | D4: الكود المصري للتكييف — القاهرة
A5: درجة حرارة الممرات الداخلية | B5: 24 | C5: °C | D5: ممرات تجارية 24–25°C
A6: فرق المحتوى الرطوبي خارج/داخل | B6: 0.002 | C6: kg/kg | D6: 43°C/24°C WB خارجي مقابل 24°C/50% داخلي
A7: كثافة الأشخاص في الممرات | B7: 0.3 | C7: شخص/م² | D7: ASHRAE 62.1 تذكر 0.4 للمناطق المشتركة في المولات — 0.3 قيمة تصميمية للممرات
A8: حمل محسوس لكل شخص | B8: 75 | C8: W | D8: ASHRAE Fundamentals — مشي/وقوف في محل تجاري
A9: حمل كامن لكل شخص | B9: 55 | C9: W | D9: ASHRAE Fundamentals
A10: كثافة الإضاءة | B10: 15 | C10: W/م² | D10: إضاءة ممرات مول ذهب (ديكورية) — راجع مع الاستشاري
A11: معدات/شاشات/لافتات | B11: 5 | C11: W/م² | D11: افتراض
A12: هواء نقي لكل شخص | B12: 3.8 | C12: L/s/شخص | D12: ASHRAE 62.1 — Mall common areas
A13: هواء نقي لكل متر مربع | B13: 0.3 | C13: L/s/م² | D13: ASHRAE 62.1 — Mall common areas
A14: تحميل الهواء النقي على وحدات الممرات؟ (1=نعم / 0=لا) | B14: 1 | C14: — | D14: 1 = الوحدات الداخلية للممرات تبرّد هواءها النقي. ضع 0 لو هيتعالج في منظومة الهواء النقي المنفصلة (75,000 CFM)
A15: معامل انتقال حرارة الزجاج (دبل جلاس) | B15: 2.8 | C15: W/م²K | D15: افتراض — يُراجع مع مواصفات الواجهة
... A32: تصرف مخرج الهواء الخطي | B32: 160 | C32: CFM | D32: Linear slot diffuser من مقايسة الاستشاري

Sheet حساب الأحمال
A1: حساب أحمال تكييف الممرات والبهو — لكل منطقة
A2: الأبعاد من العميل: كوريدور 250 × 3 م في كل دور من 5 أدوار (ارتفاع الدور 3.5 م) + 3 بهوات مفتوحة على الـ 5 أدوار (المبنى حلقة infinity مفتوحة)
A4: م | B4: الدور | C4: المنطقة | D4: المساحة الصافية م² | E4: طول الواجهة الزجاجية م | F4: مساحة الزجاج م² | G4: سكاي لايت / فتحة سماوية م² | H4: سقف معرض للشمس م² | I4: تسريب ACH | J4: عدد الأشخاص | K4: أشخاص محسوس W | L4: أشخاص كامن W | M4: إضاءة W | N4: معدات W | O4: زجاج W | P4: سكاي لايت W | Q4: سقف W | R4: تسريب محسوس W | S4: تسريب كامن W | T4: هواء نقي L/s | U4: هواء نقي محسوس W | V4: هواء نقي كامن W | W4: الحمل بدون هواء نقي kW | X4: الحمل الكلي kW | Y4: الحمل التصميمي TR (المعتمد) | Z4: م² لكل طن | AA4: يدخل في الإجمالي (1/0) | AB4: مقاس الوحدة الداخلية TR | AC4: عدد الوحدات | AD4: القدرة المركبة TR | AE4: ملاحظات
A5: 1 | B5: البدروم | C5: الكوريدور | D5: =250*3 -> 750 | E5: 0 | F5: =E5*الافتراضات!$B$17 -> 0 | G5: 0 | H5: 0 | I5: 0.3 | J5: =D5*الافتراضات!$B$7 -> 225 | K5: =J5*الافتراضات!$B$8 -> 16875 | L5: =J5*الافتراضات!$B$9 -> 12375 | M5: =D5*الافتراضات!$B$10 -> 11250 | N5: =D5*الافتراضات!$B$11 -> 3750 | O5: =F5*(الافتراضات!$B$15*(الافتراضات!$B$4-الافتراضات!$B$5)+الافتراضات!$B$16) -> 0 | P5: =G5*(الافتراضات!$B$18*(الافتراضات!$B$4-الافتراضات!$B$5)+الافتراضات!$B$19)*الافتراضات!$B$20 -> 0 | Q5: =H5*الافتراضات!$B$21*الافتراضات!$B$22 -> 0 | R5: =D5*الافتراضات!$B$23*I5/3600*الافتراضات!$B$28*الافتراضات!$B$29*1000*(الافتراضات!$B$4-الافتراضات!$B$5) -> 5012.4375 | S5: =D5*الافتراضات!$B$23*I5/3600*الافتراضات!$B$28*الافتراضات!$B$30*1000*الافتراضات!$B$6 -> 1312.5 | T5: =J5*الافتراضات!$B$12+D5*الافتراضات!$B$13 -> 1080 | U5: =T5/1000*الافتراضات!$B$28*الافتراضات!$B$29*1000*(الافتراضات!$B$4-الافتراضات!$B$5) -> 24747.12 | V5: =T5/1000*الافتراضات!$B$28*الافتراضات!$B$30*1000*الافتراضات!$B$6 -> 6480 | W5: =SUM(K5:S5)/1000 -> 50.574937 | X5: =W5+الافتراضات!$B$14*(U5+V5)/1000 -> 81.802058 | Y5: =IF(الافتراضات!$B$25=1,D5/الافتراضات!$B$26,X5*1000*(1+الافتراضات!$B$24)/الافتراضات!$B$27) -> 50 | Z5: =IF(Y5>0,D5/Y5,0) -> 15 | AA5: 1 | AB5: 4 | AC5: =IF(AB5>0,ROUNDUP(Y5/AB5,0),0) -> 13 | AD5: =AC5*AB5 -> 52 | AE5: 250 م طول × 3 م عرض — أبعاد من العميل. بدروم: بدون واجهات خارجية
A6: 2 | B6: الأرضي | C6: الكوريدور | D6: =250*3 -> 750 | E6: 75 | F6: =E6*الافتراضات!$B$17 -> 225 | G6: 0 | H6: 0 | I6: 1 | J6: =D6*الافتراضات!$B$7 -> 225 | K6: =J6*الافتراضات!$B$8 -> 16875 | L6: =J6*الافتراضات!$B$9 -> 12375 | M6: =D6*الافتراضات!$B$10 -> 11250 | N6: =D6*الافتراضات!$B$11 -> 3750 | O6: =F6*(الافتراضات!$B$15*(الافتراضات!$B$4-الافتراضات!$B$5)+الافتراضات!$B$16) -> 27720 | P6: =G6*(الافتراضات!$B$18*(الافتراضات!$B$4-الافتراضات!$B$5)+الافتراضات!$B$19)*الافتراضات!$B$20 -> 0 | Q6: =H6*الافتراضات!$B$21*الافتراضات!$B$22 -> 0 | R6: =D6*الافتراضات!$B$23*I6/3600*الافتراضات!$B$28*الافتراضات!$B$29*1000*(الافتراضات!$B$4-الافتراضات!$B$5) -> 16708.125 | S6: =D6*الافتراضات!$B$23*I6/3600*الافتراضات!$B$28*الافتراضات!$B$30*1000*الافتراضات!$B$6 -> 4375 | T6: =J6*الافتراضات!$B$12+D6*الافتراضات!$B$13 -> 1080 | U6: =T6/1000*الافتراضات!$B$28*الافتراضات!$B$29*1000*(الافتراضات!$B$4-الافتراضات!$B$5) -> 24747.12 | V6: =T6/1000*الافتراضات!$B$28*الافتراضات!$B$30*1000*الافتراضات!$B$6 -> 6480 | W6: =SUM(K6:S6)/1000 -> 93.053125 | X6: =W6+الافتراضات!$B$14*(U6+V6)/1000 -> 124.28024 | Y6: =IF(الافتراضات!$B$25=1,D6/الافتراضات!$B$26,X6*1000*(1+الافتراضات!$B$24)/الافتراضات!$B$27) -> 50 | Z6: =IF(Y6>0,D6/Y6,0) -> 15 | AA6: 1 | AB6: 4 | AC6: =IF(AB6>0,ROUNDUP(Y6/AB6,0),0) -> 13 | AD6: =AC6*AB6 -> 52 | AE6: 250 × 3 م. تسريب أعلى بسبب مداخل المول. طول الواجهة الزجاجية مقاس من لوحة المعماري
A7: 3 | B7: الأول | C7: الكوريدور | D7: =250*3 -> 750 | E7: 70 | F7: =E7*الافتراضات!$B$17 -> 210 | G7: 0 | H7: 0 | I7: 0.3 | J7: =D7*الافتراضات!$B$7 -> 225 | K7: =J7*الافتراضات!$B$8 -> 16875 | L7: =J7*الافتراضات!$B$9 -> 12375 | M7: =D7*الافتراضات!$B$10 -> 11250 | N7: =D7*الافتراضات!$B$11 -> 3750 | O7: =F7*(الافتراضات!$B$15*(الافتراضات!$B$4-الافتراضات!$B$5)+الافتراضات!$B$16) -> 25872 | P7: =G7*(الافتراضات!$B$18*(الافتراضات!$B$4-الافتراضات!$B$5)+الافتراضات!$B$19)*الافتراضات!$B$20 -> 0 | Q7: =H7*الافتراضات!$B$21*الافتراضات!$B$22 -> 0 | R7: =D7*الافتراضات!$B$23*I7/3600*الافتراضات!$B$28*الافتراضات!$B$29*1000*(الافتراضات!$B$4-الافتراضات!$B$5) -> 5012.4375 | S7: =D7*الافتراضات!$B$23*I7/3600*الافتراضات!$B$28*الافتراضات!$B$30*1000*الافتراضات!$B$6 -> 1312.5 | T7: =J7*الافتراضات!$B$12+D7*الافتراضات!$B$13 -> 1080 | U7: =T7/1000*الافتراضات!$B$28*الافتراضات!$B$29*1000*(الافتراضات!$B$4-الافتراضات!$B$5) -> 24747.12 | V7: =T7/1000*الافتراضات!$B$28*الافتراضات!$B$30*1000*الافتراضات!$B$6 -> 6480 | W7: =SUM(K7:S7)/1000 -> 76.446938 | X7: =W7+الافتراضات!$B$14*(U7+V7)/1000 -> 107.67406 | Y7: =IF(الافتراضات!$B$25=1,D7/الافتراضات!$B$26,X7*1000*(1+الافتراضات!$B$24)/الافتراضات!$B$27) -> 50 | Z7: =IF(Y7>0,D7/Y7,0) -> 15 | AA7: 1 | AB7: 4 | AC7: =IF(AB7>0,ROUNDUP(Y7/AB7,0),0) -> 13 | AD7: =AC7*AB7 -> 52 | AE7: 250 × 3 م. طول الواجهة الزجاجية مقاس من اللوحة
A8: 4 | B8: الثاني | C8: الكوريدور | D8: =250*3 -> 750 | E8: 65 | F8: =E8*الافتراضات!$B$17 -> 195 | G8: 0 | H8: 0 | I8: 0.3 | J8: =D8*الافتراضات!$B$7 -> 225 | K8: =J8*الافتراضات!$B$8 -> 16875 | L8: =J8*الافتراضات!$B$9 -> 12375 | M8: =D8*الافتراضات!$B$10 -> 11250 | N8: =D8*الافتراضات!$B$11 -> 3750 | O8: =F8*(الافتراضات!$B$15*(الافتراضات!$B$4-الافتراضات!$B$5)+الافتراضات!$B$16) -> 24024 | P8: =G8*(الافتراضات!$B$18*(الافتراضات!$B$4-الافتراضات!$B$5)+الافتراضات!$B$19)*الافتراضات!$B$20 -> 0 | Q8: =H8*الافتراضات!$B$21*الافتراضات!$B$22 -> 0 | R8: =D8*الافتراضات!$B$23*I8/3600*الافتراضات!$B$28*الافتراضات!$B$29*1000*(الافتراضات!$B$4-الافتراضات!$B$5) -> 5012.4375 | S8: =D8*الافتراضات!$B$23*I8/3600*الافتراضات!$B$28*الافتراضات!$B$30*1000*الافتراضات!$B$6 -> 1312.5 | T8: =J8*الافتراضات!$B$12+D8*الافتراضات!$B$13 -> 1080 | U8: =T8/1000*الافتراضات!$B$28*الافتراضات!$B$29*1000*(الافتراضات!$B$4-الافتراضات!$B$5) -> 24747.12 | V8: =T8/1000*الافتراضات!$B$28*الافتراضات!$B$30*1000*الافتراضات!$B$6 -> 6480 | W8: =SUM(K8:S8)/1000 -> 74.598938 | X8: =W8+الافتراضات!$B$14*(U8+V8)/1000 -> 105.82606 | Y8: =IF(الافتراضات!$B$25=1,D8/الافتراضات!$B$26,X8*1000*(1+الافتراضات!$B$24)/الافتراضات!$B$27) -> 50 | Z8: =IF(Y8>0,D8/Y8,0) -> 15 | AA8: 1 | AB8: 4 | AC8: =IF(AB8>0,ROUNDUP(Y8/AB8,0),0) -> 13 | AD8: =AC8*AB8 -> 52 | AE8: 250 × 3 م. طول الواجهة الزجاجية مقاس من اللوحة
A9: 5 | B9: الثالث | C9: الكوريدور | D9: =250*3 -> 750 | E9: 60 | F9: =E9*الافتراضات!$B$17 -> 180 | G9: 0 | H9: =250*3 -> 750 | I9: 0.3 | J9: =D9*الافتراضات!$B$7 -> 225 | K9: =J9*الافتراضات!$B$8 -> 16875 | L9: =J9*الافتراضات!$B$9 -> 12375 | M9: =D9*الافتراضات!$B$10 -> 11250 | N9: =D9*الافتراضات!$B$11 -> 3750 | O9: =F9*(الافتراضات!$B$15*(الافتراضات!$B$4-الافتراضات!$B$5)+الافتراضات!$B$16) -> 22176 | P9: =G9*(الافتراضات!$B$18*(الافتراضات!$B$4-الافتراضات!$B$5)+الافتراضات!$B$19)*الافتراضات!$B$20 -> 0 | Q9: =H9*الافتراضات!$B$21*الافتراضات!$B$22 -> 9450 | R9: =D9*الافتراضات!$B$23*I9/3600*الافتراضات!$B$28*الافتراضات!$B$29*1000*(الافتراضات!$B$4-الافتراضات!$B$5) -> 5012.4375 | S9: =D9*الافتراضات!$B$23*I9/3600*الافتراضات!$B$28*الافتراضات!$B$30*1000*الافتراضات!$B$6 -> 1312.5 | T9: =J9*الافتراضات!$B$12+D9*الافتراضات!$B$13 -> 1080 | U9: =T9/1000*الافتراضات!$B$28*الافتراضات!$B$29*1000*(الافتراضات!$B$4-الافتراضات!$B$5) -> 24747.12 | V9: =T9/1000*الافتراضات!$B$28*الافتراضات!$B$30*1000*الافتراضات!$B$6 -> 6480 | W9: =SUM(K9:S9)/1000 -> 82.200937 | X9: =W9+الافتراضات!$B$14*(U9+V9)/1000 -> 113.42806 | Y9: =IF(الافتراضات!$B$25=1,D9/الافتراضات!$B$26,X9*1000*(1+الافتراضات!$B$24)/الافتراضات!$B$27) -> 50 | Z9: =IF(Y9>0,D9/Y9,0) -> 15 | AA9: 1 | AB9: 4 | AC9: =IF(AB9>0,ROUNDUP(Y9/AB9,0),0) -> 13 | AD9: =AC9*AB9 -> 52 | AE9: 250 × 3 م — آخر دور تحت السقف مباشرة
A10: 6 | B10: البهو الدائري | C10: البهو الدائري (يمين) — قطر 10 م، مفتوح 5 أدوار | D10: =PI()*10^2/4 -> 78.539816 | E10: 0 | F10: =E10*الافتراضات!$B$17 -> 0 | G10: =PI()*10^2/4 -> 78.539816 | H10: 0 | I10: 0.3 | J10: =D10*الافتراضات!$B$7 -> 23.561945 | K10: =J10*الافتراضات!$B$8 -> 1767.1459 | L10: =J10*الافتراضات!$B$9 -> 1295.907 | M10: =D10*الافتراضات!$B$10 -> 1178.0972 | N10: =D10*الافتراضات!$B$11 -> 392.69908 | O10: =F10*(الافتراضات!$B$15*(الافتراضات!$B$4-الافتراضات!$B$5)+الافتراضات!$B$16) -> 0 | P10: =G10*(الافتراضات!$B$18*(الافتراضات!$B$4-الافتراضات!$B$5)+الافتراضات!$B$19)*الافتراضات!$B$20 -> 14129.313 | Q10: =H10*الافتراضات!$B$21*الافتراضات!$B$22 -> 0 | R10: =D10*الافتراضات!$B$23*I10/3600*الافتراضات!$B$28*الافتراضات!$B$29*1000*(الافتراضات!$B$4-الافتراضات!$B$5) -> 524.90123 | S10: =D10*الافتراضات!$B$23*I10/3600*الافتراضات!$B$28*الافتراضات!$B$30*1000*الافتراضات!$B$6 -> 137.44468 | T10: =J10*الافتراضات!$B$12+D10*الافتراضات!$B$13 -> 113.09734 | U10: =T10/1000*الافتراضات!$B$28*الافتراضات!$B$29*1000*(الافتراضات!$B$4-الافتراضات!$B$5) -> 2591.5123 | V10: =T10/1000*الافتراضات!$B$28*الافتراضات!$B$30*1000*الافتراضات!$B$6 -> 678.58401 | W10: =SUM(K10:S10)/1000 -> 19.425508 | X10: =W10+الافتراضات!$B$14*(U10+V10)/1000 -> 22.695604 | Y10: =IF(الافتراضات!$B$25=1,D10/الافتراضات!$B$26,X10*1000*(1+الافتراضات!$B$24)/الافتراضات!$B$27) -> 5.2359878 | Z10: =IF(Y10>0,D10/Y10,0) -> 15 | AA10: 1 | AB10: 6 | AC10: =IF(AB10>0,ROUNDUP(Y10/AB10,0),0) -> 1 | AD10: =AC10*AB10 -> 6 | AE10: مساحة القاع = π×10²/4. ارتفاع 5 أدوار × 3.5 م = 17.5 م. سكاي لايت فوقه بنفس المساحة (افتراض)
A11: 7 | B11: البهوات | C11: [مستبعد] البهو البيضاوي الكبير (شمال) — 30 × 15 م، مفتوح 5 أدوار | D11: =PI()*30*15/4 -> 353.42917 | E11: 0 | F11: =E11*الافتراضات!$B$17 -> 0 | G11: =PI()*30*15/4 -> 353.42917 | H11: 0 | I11: 0.3 | J11: =D11*الافتراضات!$B$7 -> 106.02875 | K11: =J11*الافتراضات!$B$8 -> 7952.1564 | L11: =J11*الافتراضات!$B$9 -> 5831.5814 | M11: =D11*الافتراضات!$B$10 -> 5301.4376 | N11: =D11*الافتراضات!$B$11 -> 1767.1459 | O11: =F11*(الافتراضات!$B$15*(الافتراضات!$B$4-الافتراضات!$B$5)+الافتراضات!$B$16) -> 0 | P11: =G11*(الافتراضات!$B$18*(الافتراضات!$B$4-الافتراضات!$B$5)+الافتراضات!$B$19)*الافتراضات!$B$20 -> 63581.908 | Q11: =H11*الافتراضات!$B$21*الافتراضات!$B$22 -> 0 | R11: =D11*الافتراضات!$B$23*I11/3600*الافتراضات!$B$28*الافتراضات!$B$29*1000*(الافتراضات!$B$4-الافتراضات!$B$5) -> 2362.0555 | S11: =D11*الافتراضات!$B$23*I11/3600*الافتراضات!$B$28*الافتراضات!$B$30*1000*الافتراضات!$B$6 -> 618.50105 | T11: =J11*الافتراضات!$B$12+D11*الافتراضات!$B$13 -> 508.93801 | U11: =T11/1000*الافتراضات!$B$28*الافتراضات!$B$29*1000*(الافتراضات!$B$4-الافتراضات!$B$5) -> 11661.806 | V11: =T11/1000*الافتراضات!$B$28*الافتراضات!$B$30*1000*الافتراضات!$B$6 -> 3053.6281 | W11: =SUM(K11:S11)/1000 -> 87.414786 | X11: =W11+الافتراضات!$B$14*(U11+V11)/1000 -> 102.13022 | Y11: =IF(الافتراضات!$B$25=1,D11/الافتراضات!$B$26,X11*1000*(1+الافتراضات!$B$24)/الافتراضات!$B$27) -> 23.561945 | Z11: =IF(Y11>0,D11/Y11,0) -> 15 | AA11: 0 | AB11: 6 | AC11: =IF(AB11>0,ROUNDUP(Y11/AB11,0),0) -> 4 | AD11: =AC11*AB11 -> 24 | AE11: مساحة القطع الناقص = π×30×15/4. سكاي لايت فوقه بنفس المساحة (افتراض)
A12: 8 | B12: البهوات | C12: [مستبعد] البهو البيضاوي الصغير (المنتصف) — 20 × 5 م، مفتوح 5 أدوار | D12: =PI()*20*5/4 -> 78.539816 | E12: 0 | F12: =E12*الافتراضات!$B$17 -> 0 | G12: =PI()*20*5/4 -> 78.539816 | H12: 0 | I12: 0.3 | J12: =D12*الافتراضات!$B$7 -> 23.561945 | K12: =J12*الافتراضات!$B$8 -> 1767.1459 | L12: =J12*الافتراضات!$B$9 -> 1295.907 | M12: =D12*الافتراضات!$B$10 -> 1178.0972 | N12: =D12*الافتراضات!$B$11 -> 392.69908 | O12: =F12*(الافتراضات!$B$15*(الافتراضات!$B$4-الافتراضات!$B$5)+الافتراضات!$B$16) -> 0 | P12: =G12*(الافتراضات!$B$18*(الافتراضات!$B$4-الافتراضات!$B$5)+الافتراضات!$B$19)*الافتراضات!$B$20 -> 14129.313 | Q12: =H12*الافتراضات!$B$21*الافتراضات!$B$22 -> 0 | R12: =D12*الافتراضات!$B$23*I12/3600*الافتراضات!$B$28*الافتراضات!$B$29*1000*(الافتراضات!$B$4-الافتراضات!$B$5) -> 524.90123 | S12: =D12*الافتراضات!$B$23*I12/3600*الافتراضات!$B$28*الافتراضات!$B$30*1000*الافتراضات!$B$6 -> 137.44468 | T12: =J12*الافتراضات!$B$12+D12*الافتراضات!$B$13 -> 113.09734 | U12: =T12/1000*الافتراضات!$B$28*الافتراضات!$B$29*1000*(الافتراضات!$B$4-الافتراضات!$B$5) -> 2591.5123 | V12: =T12/1000*الافتراضات!$B$28*الافتراضات!$B$30*1000*الافتراضات!$B$6 -> 678.58401 | W12: =SUM(K12:S12)/1000 -> 19.425508 | X12: =W12+الافتراضات!$B$14*(U12+V12)/1000 -> 22.695604 | Y12: =IF(الافتراضات!$B$25=1,D12/الافتراضات!$B$26,X12*1000*(1+الافتراضات!$B$24)/الافتراضات!$B$27) -> 5.2359878 | Z12: =IF(Y12>0,D12/Y12,0) -> 15 | AA12: 0 | AB12: 4 | AC12: =IF(AB12>0,ROUNDUP(Y12/AB12,0),0) -> 2 | AD12: =AC12*AB12 -> 8 | AE12: مساحة القطع الناقص = π×20×5/4. سكاي لايت فوقه بنفس المساحة (افتراض)
C13: الإجمالي (البنود المُدرجة فقط) | D13: =SUMPRODUCT(D5:D12,$AA$5:$AA$12) -> 3828.5398 | J13: =SUMPRODUCT(J5:J12,$AA$5:$AA$12) -> 1148.5619 | W13: =SUMPRODUCT(W5:W12,$AA$5:$AA$12) -> 396.30038 | X13: =SUMPRODUCT(X5:X12,$AA$5:$AA$12) -> 555.70608 | Y13: =SUMPRODUCT(Y5:Y12,$AA$5:$AA$12) -> 255.23599 | Z13: =IF(Y13>0,D13/Y13,0) -> 15 | AC13: =SUMPRODUCT(AC5:AC12,$AA$5:$AA$12) -> 66 | AD13: =SUMPRODUCT(AD5:AD12,$AA$5:$AA$12) -> 266
C15: المساحات من أبعاد العميل. أطوال الواجهات الزجاجية المجاورة للكوريدور مقاسة من لوحة المعماري (DWG) — تُعدل لو مختلفة.

Sheet مقايسة الكوريدور
A1: مقايسة تكييف الكوريدور والبهو الدائري — Carrier VRF (عرض مستقل عن المحلات)
A2: عرض منفصل للكوريدور والبهو فقط — المحلات لها حصر وعرض منفصل. أسعار الفئة مأخوذة من مقايسة الـ VRF للمحلات كمرجع، والخلايا الصفراء قابلة للتعديل.
F3: معامل التسعير (1 = أسعار المقايسة كما هي) | G3: 1
A4: بند | B4: بيان الأعمال | C4: الماركة | D4: الوحدة | E4: الكمية | F4: سعر الفئة (جنيه) | G4: الإجمالي (جنيه) | H4: ملاحظات
A5: أولاً: الوحدات الخارجية والداخلية (Carrier VRF)
A6: 1.1 | B6: توريد وتركيب واختبار وتشغيل وحدات Carrier VRF خارجية بغاز R-410A — سيستم مستقل للممرات في كل دور (منطقة مشتركة للمالك — منفصلة عن عدادات المستأجرين)، شاملة القواعد وممتصات الاهتزاز وكروت الربط.
B7: ="سيستم وحدات خارجية لـ "&"البدروم (شامل قاع البهو الدائري)"&" بإجمالي قدرة "&TEXT(E7,"0.0")&" طن تبريد" -> سيستم وحدات خارجية لـ البدروم (شامل قاع البهو الدائري) بإجمالي قدرة 58.0 طن تبريد | C7: كاريير (Carrier) | D7: طن | E7: =('حساب الأحمال'!AD5*'حساب الأحمال'!AA5+'حساب الأحمال'!AD10*'حساب الأحمال'!AA10)*$E$48 -> 58 | F7: =$E$40*$G$3 -> 39000 | G7: =E7*F7 -> 2262000
B8: ="سيستم وحدات خارجية لـ "&"الدور الأرضي"&" بإجمالي قدرة "&TEXT(E8,"0.0")&" طن تبريد" -> سيستم وحدات خارجية لـ الدور الأرضي بإجمالي قدرة 52.0 طن تبريد | C8: كاريير (Carrier) | D8: طن | E8: =('حساب الأحمال'!AD6*'حساب الأحمال'!AA6)*$E$48 -> 52 | F8: =$E$40*$G$3 -> 39000 | G8: =E8*F8 -> 2028000
B9: ="سيستم وحدات خارجية لـ "&"الدور الأول"&" بإجمالي قدرة "&TEXT(E9,"0.0")&" طن تبريد" -> سيستم وحدات خارجية لـ الدور الأول بإجمالي قدرة 52.0 طن تبريد | C9: كاريير (Carrier) | D9: طن | E9: =('حساب الأحمال'!AD7*'حساب الأحمال'!AA7)*$E$48 -> 52 | F9: =$E$40*$G$3 -> 39000 | G9: =E9*F9 -> 2028000
B10: ="سيستم وحدات خارجية لـ "&"الدور الثاني"&" بإجمالي قدرة "&TEXT(E10,"0.0")&" طن تبريد" -> سيستم وحدات خارجية لـ الدور الثاني بإجمالي قدرة 52.0 طن تبريد | C10: كاريير (Carrier) | D10: طن | E10: =('حساب الأحمال'!AD8*'حساب الأحمال'!AA8)*$E$48 -> 52 | F10: =$E$40*$G$3 -> 39000 | G10: =E10*F10 -> 2028000
B11: ="سيستم وحدات خارجية لـ "&"الدور الثالث"&" بإجمالي قدرة "&TEXT(E11,"0.0")&" طن تبريد" -> سيستم وحدات خارجية لـ الدور الثالث بإجمالي قدرة 52.0 طن تبريد | C11: كاريير (Carrier) | D11: طن | E11: =('حساب الأحمال'!AD9*'حساب الأحمال'!AA9)*$E$48 -> 52 | F11: =$E$40*$G$3 -> 39000 | G11: =E11*F11 -> 2028000
A12: 1.2 | B12: توريد وتركيب وحدات داخلية مخفية Concealed Ducted (High Static) كاريير VRF شاملة الفلتر ومضخة الصرف والترموستات والتعاليق.
B13: وحدة داخلية ذات قدرة 4 طن تبريدي , 14 كيلو وات | C13: كاريير (Carrier) | D13: عدد | E13: =SUMPRODUCT(('حساب الأحمال'!$AB$5:$AB$12=4)*'حساب الأحمال'!$AC$5:$AC$12*'حساب الأحمال'!$AA$5:$AA$12) -> 65 | F13: =4*$E$41*$G$3 -> 104000 | G13: =E13*F13 -> 6760000
B14: وحدة داخلية ذات قدرة 5 طن تبريدي , 17 كيلو وات | C14: كاريير (Carrier) | D14: عدد | E14: =SUMPRODUCT(('حساب الأحمال'!$AB$5:$AB$12=5)*'حساب الأحمال'!$AC$5:$AC$12*'حساب الأحمال'!$AA$5:$AA$12) -> 0 | F14: =5*$E$41*$G$3 -> 130000 | G14: =E14*F14 -> 0
B15: وحدة داخلية ذات قدرة 6 طن تبريدي , 21 كيلو وات | C15: كاريير (Carrier) | D15: عدد | E15: =SUMPRODUCT(('حساب الأحمال'!$AB$5:$AB$12=6)*'حساب الأحمال'!$AC$5:$AC$12*'حساب الأحمال'!$AA$5:$AA$12) -> 1 | F15: =6*$E$41*$G$3 -> 156000 | G15: =E15*F15 -> 156000
A16: ثانياً: شبكة مواسير الفريون والوصلات والمحابس
A17: 2.1 | B17: مواسير نحاس Seamless جنتيان ميراكو معزولة Armaflex 19 مم شاملة الحوامل واختبار النيتروجين والتفريغ | C17: جنتيان ميراكو | D17: متر طولي | E17: =SUM(E13:E15)*$E$42 -> 990 | F17: =$E$43*$G$3 -> 4500 | G17: =E17*F17 -> 4455000
A18: 2.2 | B18: وصلات تشعيب Y-Branch / Refnet كاريير معزولة | C18: كاريير (Carrier) | D18: عدد | E18: =SUM(E13:E15) -> 66 | F18: =$E$44*$G$3 -> 8000 | G18: =E18*F18 -> 528000
A19: 2.3 | B19: محابس كروية لخطوط الفريون لكل وحدة داخلية | D19: عدد | E19: =SUM(E13:E15) -> 66 | F19: =$E$45*$G$3 -> 7000 | G19: =E19*F19 -> 462000
A20: ثالثاً: التحكم وعدادات الطاقة
A21: 3.1 | B21: عدادات طاقة رقمية ذكية للموديولات الخارجية للممرات مربوطة بشاشة العرض المركزية | D21: عدد | E21: =ROUNDUP(E7/$E$47,0)+ROUNDUP(E8/$E$47,0)+ROUNDUP(E9/$E$47,0)+ROUNDUP(E10/$E$47,0)+ROUNDUP(E11/$E$47,0) -> 15 | F21: =$E$46*$G$3 -> 50000 | G21: =E21*F21 -> 750000
A22: رابعاً: توزيع الهواء (ينتظر التسعير)
A23: 4.1 | B23: دكت صاج مجلفن معزول شامل الحوامل والوصلات المرنة وأبواب الخدمة (تقدير أولي) | D23: م² | E23: ='حساب الأحمال'!D13*$E$49 -> 3062.8319 | F23: =$E$50*$G$3 -> 0 | G23: =E23*F23 -> 0 | H23: ضع سعر المتر في جدول الأسعار
A24: 4.2 | B24: مخارج هواء خطية Linear slot diffuser 160 CFM + مخارج راجع | D24: عدد | E24: =ROUNDUP('حساب الأحمال'!AD13*الافتراضات!$B$31/الافتراضات!$B$32,0) -> 665 | F24: =$E$51*$G$3 -> 0 | G24: =E24*F24 -> 0 | H24: ضع سعر المخرج في جدول الأسعار
B25: الإجمـــالي (جنيه) | G25: =G7+G8+G9+G10+G11+G13+G14+G15+G17+G18+G19+G21+G23+G24 -> 23485000
A39: أسعار ومعاملات المقايسة
B40: سعر الطن للوحدات الخارجية | E40: 39000 | H40: 7,702,500 ÷ 197.5 طن من مقايسة الـ VRF
B41: سعر الطن للوحدات الداخلية الدكت | E41: 26000 | H41: 104,000 ÷ 4 طن من مقايسة الـ VRF
B42: متر نحاس لكل وحدة داخلية | E42: 15 | H42: المقايسة الأصلية 10 م — الممرات أطول مسارات (مول ممتد)
B43: سعر متر النحاس | E43: 4500 | H43: مقايسة الـ VRF
B44: سعر وصلة التشعيب | E44: 8000 | H44: مقايسة الـ VRF
B45: سعر المحبس الكروي | E45: 7000 | H45: مقايسة الـ VRF
B46: سعر عداد الطاقة | E46: 50000 | H46: مقايسة الـ VRF
B47: طن لكل عداد (موديول) | E47: 24 | H47: مقايسة الـ VRF: 45 عداد لـ 1079 طن
B48: نسبة القدرة الخارجية للداخلية | E48: 1 | H48: مقايسة الـ VRF سعّرت الخارجي = مجموع الداخلي (100%)
B49: م² صاج دكت لكل م² ممر | E49: 0.8 | H49: تقدير أولي — يُراجع باللوحات التنفيذية
B50: سعر م² دكت صاج مجلفن معزول | H50: ينتظر التسعير
B51: سعر مخرج هواء خطي 160 CFM | H51: ينتظر التسعير
